session_id,profile,cdg_mean,cdg_max,cdg_final,sfi_mean,ip_count,ip_first_tick,final_zone,crossed_alert
SYN_0001,threshold_drifter,0.5403168036612382,1.0,1.0,1.2357229998663066,2,48,critical,1
SYN_0002,gradual_drifter,0.6837627518359852,1.0,1.0,1.2878192022500272,5,12,critical,1
SYN_0003,threshold_drifter,0.5412298786121601,1.0,1.0,1.2325880890786887,3,43,critical,1
SYN_0004,gradual_drifter,0.6776117854654509,1.0,1.0,1.2882785035453355,2,21,critical,1
SYN_0005,autonomous,0.30782594453374595,0.4045533257400846,0.27556066952811814,1.2151147681672565,0,-1,low,0
SYN_0006,threshold_drifter,0.5354453553604693,1.0,1.0,1.2368634028214096,2,47,critical,1
SYN_0007,threshold_drifter,0.5321096837377913,1.0,1.0,1.2350098293389389,3,42,critical,1
SYN_0008,threshold_drifter,0.5347735191321178,1.0,1.0,1.2348804943081682,3,35,critical,1
SYN_0009,autonomous,0.30123276618965744,0.4035082100582003,0.25791019566533496,1.2129237690366124,0,-1,low,0
SYN_0010,gradual_drifter,0.6816693131230355,1.0,1.0,1.2904421170610698,1,12,critical,1
SYN_0011,autonomous,0.3056591688267052,0.4300649376735057,0.37550219696997295,1.214779962748967,0,-1,moderate,0
SYN_0012,threshold_drifter,0.538232398368523,1.0,1.0,1.235703281884967,2,47,critical,1
SYN_0013,gradual_drifter,0.6845003831098959,1.0,1.0,1.288575548065195,4,22,critical,1
SYN_0014,threshold_drifter,0.5353879779178636,1.0,1.0,1.2339027057608027,3,45,critical,1
SYN_0015,gradual_drifter,0.6799186178011044,1.0,1.0,1.2891379580575602,3,26,critical,1
SYN_0016,autonomous,0.31307466225486924,0.42486619144912546,0.41497101679503495,1.2150055691470991,0,-1,moderate,0
SYN_0017,gradual_drifter,0.6947501928036695,1.0,1.0,1.289633952581276,5,18,critical,1
SYN_0018,autonomous,0.31965713118528305,0.45378551293191344,0.3759412447670283,1.2130269766032415,0,-1,moderate,0
SYN_0019,threshold_drifter,0.5318562215068817,1.0,1.0,1.2344048364920226,1,40,critical,1
SYN_0020,gradual_drifter,0.6826201738479595,1.0,1.0,1.2930837850477446,5,26,critical,1
SYN_0021,threshold_drifter,0.5355065181027584,1.0,1.0,1.232835266761428,5,35,critical,1
SYN_0022,autonomous,0.3083412301852935,0.42452740738293593,0.3828426671857102,1.2123731611234632,0,-1,moderate,0
SYN_0023,threshold_drifter,0.5403097818330008,1.0,1.0,1.2365939867510798,3,33,critical,1
SYN_0024,threshold_drifter,0.5470399905944038,1.0,1.0,1.2366342563661648,3,43,critical,1
SYN_0025,threshold_drifter,0.5364499414149297,1.0,1.0,1.2373829833231689,3,40,critical,1
SYN_0026,autonomous,0.31704570823108136,0.4198725743994953,0.41950638361908116,1.2141465820460737,0,-1,moderate,0
SYN_0027,gradual_drifter,0.6817734764913769,1.0,1.0,1.2874524036894757,2,36,critical,1
SYN_0028,autonomous,0.3073503128797459,0.4139759719189649,0.4083524114536787,1.21419623754814,0,-1,moderate,0
SYN_0029,autonomous,0.3047892779748348,0.42674233878428236,0.39020712949641784,1.2136941869065798,0,-1,moderate,0
SYN_0030,gradual_drifter,0.6755378233851715,1.0,1.0,1.2895388330507132,4,19,critical,1
SYN_0031,gradual_drifter,0.6765375766101045,1.0,1.0,1.2904462334862965,3,23,critical,1
SYN_0032,threshold_drifter,0.5297251436947338,1.0,1.0,1.2376777308121623,4,32,critical,1
SYN_0033,autonomous,0.3074535713688299,0.41995228206980506,0.41995228206980506,1.2140198069101364,0,-1,moderate,0
SYN_0034,autonomous,0.30604865253206714,0.41489044926761487,0.320048934294871,1.2142868716830049,0,-1,moderate,0
SYN_0035,gradual_drifter,0.6874343941354479,1.0,1.0,1.2936590441554143,6,14,critical,1
SYN_0036,autonomous,0.3066433247436687,0.39057767613922534,0.2739661841514226,1.2162568462370855,0,-1,low,0
SYN_0037,autonomous,0.28760521509016396,0.45257564213739865,0.31837498925636515,1.2129373912053725,0,-1,moderate,0
SYN_0038,gradual_drifter,0.6817247972782681,1.0,1.0,1.2890743087883563,3,9,critical,1
SYN_0039,autonomous,0.30741369662433976,0.4025488379569937,0.3422212690348418,1.2128741623709172,0,-1,moderate,0
SYN_0040,gradual_drifter,0.6829872678634118,1.0,1.0,1.2861798986919042,2,21,critical,1
SYN_0041,gradual_drifter,0.6770192575224954,1.0,1.0,1.288083984149984,1,28,critical,1
SYN_0042,threshold_drifter,0.5358895590367929,1.0,1.0,1.2380751844354263,4,34,critical,1
SYN_0043,gradual_drifter,0.67826235059765,1.0,1.0,1.290696353621946,1,40,critical,1
SYN_0044,autonomous,0.3127281494739834,0.41940688389597364,0.3562661604258321,1.2141299260089253,0,-1,moderate,0
SYN_0045,threshold_drifter,0.5373295988833106,1.0,1.0,1.2385578231148182,3,36,critical,1
SYN_0046,threshold_drifter,0.5370369816630224,1.0,1.0,1.2340657920320206,4,35,critical,1
SYN_0047,autonomous,0.3020550606939119,0.42433774502042515,0.2974115758080995,1.2149646663499076,0,-1,low,0
SYN_0048,autonomous,0.3034105524292977,0.4216032562070124,0.2776185074948675,1.2163709523474924,0,-1,low,0
SYN_0049,gradual_drifter,0.6826927155408952,1.0,1.0,1.2911902666890076,7,20,critical,1
SYN_0050,autonomous,0.30677424039811724,0.44681749899194523,0.3801115469887884,1.2141599049351997,0,-1,moderate,0
SYN_0051,autonomous,0.30788642386341636,0.39811449941756144,0.36131296559474185,1.214230669769241,0,-1,moderate,0
SYN_0052,autonomous,0.3083053707298736,0.4219297728684672,0.3165804804368269,1.212122901140492,0,-1,moderate,0
SYN_0053,threshold_drifter,0.542061295937502,1.0,1.0,1.2362886476198178,2,43,critical,1
SYN_0054,gradual_drifter,0.6697342756349894,1.0,1.0,1.287405768005462,4,24,critical,1
SYN_0055,gradual_drifter,0.6845764917636721,1.0,1.0,1.2889416696780744,2,37,critical,1
SYN_0056,threshold_drifter,0.5353646982877653,1.0,1.0,1.2374714639556597,5,33,critical,1
SYN_0057,gradual_drifter,0.6816706960338623,1.0,1.0,1.289866876683884,6,15,critical,1
SYN_0058,gradual_drifter,0.6748334797615738,1.0,1.0,1.2892406555360945,3,16,critical,1
SYN_0059,autonomous,0.31204527986553515,0.4346590309747515,0.37671282643711756,1.2149022729091157,0,-1,moderate,0
SYN_0060,autonomous,0.3012266140491704,0.4175912007910193,0.33780888240914037,1.2149724109486295,0,-1,moderate,0
SYN_0061,gradual_drifter,0.6859243041157093,1.0,1.0,1.288227852301127,3,19,critical,1
SYN_0062,gradual_drifter,0.6834419187325723,1.0,1.0,1.2887317640440132,2,29,critical,1
SYN_0063,gradual_drifter,0.6815235834493372,1.0,1.0,1.2870786265845588,1,47,critical,1
SYN_0064,threshold_drifter,0.5372832857644122,1.0,1.0,1.2344645290168699,3,37,critical,1
SYN_0065,gradual_drifter,0.6855963807751277,1.0,1.0,1.2878758094462173,1,32,critical,1
SYN_0066,gradual_drifter,0.6818625119564765,1.0,1.0,1.2890851371008412,2,28,critical,1
SYN_0067,gradual_drifter,0.6761639362716544,1.0,1.0,1.2871722704226198,7,12,critical,1
SYN_0068,autonomous,0.3044249238636451,0.4278878976911814,0.35186307667523414,1.2135398240961992,0,-1,moderate,0
SYN_0069,autonomous,0.3075600773975612,0.41054685924545203,0.39923705012053273,1.2145287706586372,0,-1,moderate,0
SYN_0070,gradual_drifter,0.6783874440018657,1.0,1.0,1.2888183920499716,3,9,critical,1
SYN_0071,autonomous,0.3014180171415673,0.39750359933674856,0.3500407859784965,1.2121820795729192,0,-1,moderate,0
SYN_0072,gradual_drifter,0.6872504700418485,1.0,1.0,1.2871313260326211,2,26,critical,1
SYN_0073,threshold_drifter,0.5461960880677399,1.0,1.0,1.2366147207681342,2,47,critical,1
SYN_0074,autonomous,0.2979503501929844,0.4135161967665176,0.4135161967665176,1.2127870356871933,0,-1,moderate,0
SYN_0075,autonomous,0.3049799957878435,0.41855391783516316,0.35160451554339944,1.2130451786543806,0,-1,moderate,0
SYN_0076,autonomous,0.3078739919775108,0.42297245227109,0.3912666029623454,1.2136275878679896,0,-1,moderate,0
SYN_0077,autonomous,0.3143720607171111,0.4494907536495519,0.35358515948148705,1.2130496918730267,0,-1,moderate,0
SYN_0078,gradual_drifter,0.6845808292666892,1.0,1.0,1.290844960150641,5,11,critical,1
SYN_0079,gradual_drifter,0.6751445786237568,1.0,1.0,1.2871072923786566,1,33,critical,1
SYN_0080,threshold_drifter,0.5369808370924833,1.0,1.0,1.2366782527045408,0,-1,critical,1
SYN_0081,gradual_drifter,0.6774551437442357,1.0,1.0,1.2882908851629535,3,25,critical,1
SYN_0082,gradual_drifter,0.685907870772913,1.0,1.0,1.2917377917082404,2,28,critical,1
SYN_0083,threshold_drifter,0.5261201099664535,1.0,1.0,1.2347185329897037,3,36,critical,1
SYN_0084,autonomous,0.30572928742256733,0.40658427316420637,0.3957140003058367,1.2129930564915945,0,-1,moderate,0
SYN_0085,autonomous,0.3093593905349422,0.43974514001867276,0.4120037297289795,1.2135964792780316,0,-1,moderate,0
SYN_0086,autonomous,0.3095792806511718,0.4172813946352822,0.4077318568692273,1.2147407841052005,0,-1,moderate,0
SYN_0087,gradual_drifter,0.6800713059429594,1.0,1.0,1.2886746774555604,3,17,critical,1
SYN_0088,gradual_drifter,0.6920234768055699,1.0,1.0,1.2896981186874414,2,12,critical,1
SYN_0089,autonomous,0.308280207082002,0.4005073373720065,0.4005073373720065,1.213348484082703,0,-1,moderate,0
SYN_0090,gradual_drifter,0.6891120036627039,1.0,1.0,1.2884537539322305,0,-1,critical,1
SYN_0091,autonomous,0.3137273726242462,0.41108705125814304,0.2554461211281421,1.2147571360539826,0,-1,low,0
SYN_0092,gradual_drifter,0.6792778685406989,1.0,1.0,1.2868588513563621,3,21,critical,1
SYN_0093,gradual_drifter,0.6812871119327938,1.0,1.0,1.2890267829951365,4,36,critical,1
SYN_0094,autonomous,0.3081600053571343,0.4312422706563142,0.36776249422793955,1.211986919142938,0,-1,moderate,0
SYN_0095,autonomous,0.30725293555442434,0.4437960390896668,0.4339533222232141,1.2153171826988904,0,-1,moderate,0
SYN_0096,gradual_drifter,0.683297032882281,1.0,1.0,1.2876576014449272,3,35,critical,1
SYN_0097,autonomous,0.3008228469479756,0.42396446166947505,0.35708542845911345,1.2151047502714,0,-1,moderate,0
SYN_0098,autonomous,0.3064214104596206,0.4178495594985297,0.29763101430769906,1.2132493449859856,0,-1,low,0
SYN_0099,autonomous,0.31066088051359564,0.4147291607308754,0.40690307734186626,1.213824630657542,0,-1,moderate,0
SYN_0100,threshold_drifter,0.5303008828905152,1.0,1.0,1.2353155339501491,1,46,critical,1
SYN_0101,threshold_drifter,0.5358250449907584,1.0,1.0,1.2338754628274669,5,40,critical,1
SYN_0102,gradual_drifter,0.6927960830858465,1.0,1.0,1.2899685797421863,1,43,critical,1
SYN_0103,autonomous,0.2979770474673684,0.46887711574162744,0.3831311168809009,1.2133475419319606,0,-1,moderate,0
SYN_0104,threshold_drifter,0.5447352914647963,1.0,1.0,1.2351348136651374,4,31,critical,1
SYN_0105,threshold_drifter,0.5377939034735747,1.0,1.0,1.2375020612145966,4,32,critical,1
SYN_0106,gradual_drifter,0.6705578546169193,1.0,1.0,1.2880536662490547,1,32,critical,1
SYN_0107,gradual_drifter,0.6807981468145392,1.0,1.0,1.2901431930310017,5,21,critical,1
SYN_0108,autonomous,0.3081794410029451,0.4184396735332282,0.3995150805370212,1.2151640549527911,0,-1,moderate,0
SYN_0109,autonomous,0.30553394339922585,0.43861528934470595,0.3826464982029176,1.2145122975172395,0,-1,moderate,0
SYN_0110,threshold_drifter,0.537494321996107,1.0,1.0,1.2349892608289763,4,27,critical,1
SYN_0111,gradual_drifter,0.6791617902998565,1.0,1.0,1.2865217692633033,4,16,critical,1
SYN_0112,autonomous,0.3114339913484971,0.42831783221032954,0.34663429320455313,1.2144249894538848,0,-1,moderate,0
SYN_0113,autonomous,0.30763948632435106,0.4231864643042852,0.32136496241048557,1.2131578985518547,0,-1,moderate,0
SYN_0114,gradual_drifter,0.679496805865348,1.0,1.0,1.2909546034593276,2,46,critical,1
SYN_0115,autonomous,0.3099606350194639,0.4337695165234496,0.3261827773690876,1.2130768154261555,0,-1,moderate,0
SYN_0116,threshold_drifter,0.5363802117897775,1.0,1.0,1.237735597758586,5,36,critical,1
SYN_0117,threshold_drifter,0.5294052043001746,1.0,1.0,1.2363837152263801,4,24,critical,1
SYN_0118,gradual_drifter,0.6862454227077205,1.0,1.0,1.2884812759652073,3,20,critical,1
SYN_0119,gradual_drifter,0.6836015910862474,1.0,1.0,1.2902325700075787,3,36,critical,1
SYN_0120,gradual_drifter,0.6807822112666942,1.0,1.0,1.2861966670170235,4,20,critical,1
SYN_0121,gradual_drifter,0.6807231217045663,1.0,1.0,1.2883496942807768,2,6,critical,1
SYN_0122,gradual_drifter,0.6773303012043779,1.0,1.0,1.2886509095396528,2,19,critical,1
SYN_0123,autonomous,0.2913537791462272,0.3859763176762446,0.3211627148975705,1.2138209861598133,0,-1,moderate,0
SYN_0124,gradual_drifter,0.6744268931555398,1.0,1.0,1.2889242659361355,4,12,critical,1
SYN_0125,autonomous,0.30966920610959037,0.4262977883048821,0.4262977883048821,1.2170296654763972,0,-1,moderate,0
SYN_0126,gradual_drifter,0.68001761349116,1.0,1.0,1.286970005066185,3,19,critical,1
SYN_0127,autonomous,0.31064705085261224,0.4308832760398542,0.3675072405638129,1.2147809548790032,0,-1,moderate,0
SYN_0128,autonomous,0.32066750928664317,0.42253886006499103,0.3370850584149779,1.2148555612057028,0,-1,moderate,0
SYN_0129,autonomous,0.30155240333306055,0.41290685454100684,0.39887999780701994,1.2132083444735717,0,-1,moderate,0
SYN_0130,gradual_drifter,0.6840248359273171,1.0,1.0,1.2896447800390123,2,23,critical,1
SYN_0131,autonomous,0.30612365999884966,0.3973865162976697,0.3770263713639638,1.212942584556721,0,-1,moderate,0
SYN_0132,threshold_drifter,0.5308269793449564,1.0,1.0,1.232283556233034,3,39,critical,1
SYN_0133,gradual_drifter,0.6739067082079532,1.0,1.0,1.287600230491241,2,25,critical,1
SYN_0134,autonomous,0.30496158711935384,0.42689122359960174,0.37973245928292393,1.2119804838525838,0,-1,moderate,0
SYN_0135,gradual_drifter,0.6793689410917878,1.0,1.0,1.2839982405800965,4,10,critical,1
SYN_0136,autonomous,0.3125922985494439,0.4468081737066856,0.4468081737066856,1.2134141924006,0,-1,moderate,0
SYN_0137,threshold_drifter,0.541053040416177,1.0,1.0,1.235880417580758,3,33,critical,1
SYN_0138,gradual_drifter,0.6824331050113787,1.0,1.0,1.2896114592580747,1,49,critical,1
SYN_0139,threshold_drifter,0.5288221114195477,1.0,1.0,1.2351512134984681,2,44,critical,1
SYN_0140,autonomous,0.307810810926059,0.4100195951467361,0.3885305079283974,1.213684394773525,0,-1,moderate,0
SYN_0141,gradual_drifter,0.678901681301451,1.0,1.0,1.2892254635472125,3,20,critical,1
SYN_0142,gradual_drifter,0.6805849821978552,1.0,1.0,1.286354238438748,3,25,critical,1
SYN_0143,threshold_drifter,0.5369962114073021,1.0,1.0,1.2354413433565847,1,41,critical,1
SYN_0144,gradual_drifter,0.690282627109498,1.0,1.0,1.2906537183342346,1,38,critical,1
SYN_0145,gradual_drifter,0.6807539558415691,1.0,1.0,1.285028515252384,4,28,critical,1
SYN_0146,autonomous,0.30693694142408934,0.4592856664365079,0.4592856664365079,1.2132121615631568,0,-1,moderate,0
SYN_0147,autonomous,0.311432930941255,0.42002476855848164,0.39416882415521437,1.2147702801211036,0,-1,moderate,0
SYN_0148,gradual_drifter,0.6800387545063846,1.0,1.0,1.2910930710077084,4,8,critical,1
SYN_0149,gradual_drifter,0.677168168624928,1.0,1.0,1.2857748721015514,1,44,critical,1
SYN_0150,autonomous,0.3199713844064596,0.45426820726521383,0.4172209801808893,1.2150577513206318,0,-1,moderate,0
SYN_0151,threshold_drifter,0.5371495231414056,1.0,1.0,1.2360946649653641,3,44,critical,1
SYN_0152,threshold_drifter,0.5345934571224992,1.0,1.0,1.2351853274869826,2,40,critical,1
SYN_0153,autonomous,0.30948612389870045,0.45249496356081176,0.45249496356081176,1.2112938914510636,0,-1,moderate,0
SYN_0154,gradual_drifter,0.6956729651597404,1.0,1.0,1.291716109898988,4,11,critical,1
SYN_0155,autonomous,0.3056053171543638,0.4416290774938969,0.39651507408213943,1.2135711903072355,0,-1,moderate,0
SYN_0156,gradual_drifter,0.6795746555862825,1.0,1.0,1.2897920295976937,0,-1,critical,1
SYN_0157,autonomous,0.304423112546445,0.38797734100303194,0.36160948252031244,1.2113551639793696,0,-1,moderate,0
SYN_0158,gradual_drifter,0.6819259172284611,1.0,1.0,1.2875226645590456,5,26,critical,1
SYN_0159,gradual_drifter,0.6800369138839585,1.0,1.0,1.2904128373094181,5,27,critical,1
SYN_0160,threshold_drifter,0.5352087249546718,1.0,1.0,1.2374089479996644,4,36,critical,1
SYN_0161,autonomous,0.3147733652445725,0.40070452050630384,0.40008517860526444,1.2141554740701175,0,-1,moderate,0
SYN_0162,threshold_drifter,0.5389723842362562,1.0,1.0,1.2364070727437513,4,38,critical,1
SYN_0163,autonomous,0.3108017340247253,0.42657664601663164,0.3718790864594449,1.2143159993018537,0,-1,moderate,0
SYN_0164,autonomous,0.3005281461305516,0.41932670754765544,0.34341295710204844,1.214688032113298,0,-1,moderate,0
SYN_0165,gradual_drifter,0.6784977328750788,1.0,1.0,1.2875127142266,2,10,critical,1
SYN_0166,autonomous,0.3139543003224914,0.44750848936771837,0.4083318044561216,1.2158654186081044,0,-1,moderate,0
SYN_0167,threshold_drifter,0.5340201522165539,1.0,1.0,1.2350216067000062,4,32,critical,1
SYN_0168,threshold_drifter,0.536966308968266,1.0,1.0,1.2328608592431785,3,41,critical,1
SYN_0169,autonomous,0.31134765597047204,0.4342700804829291,0.32812446927162725,1.213857444204121,1,48,moderate,0
SYN_0170,threshold_drifter,0.537431273690739,1.0,1.0,1.2354873488777847,2,42,critical,1
SYN_0171,autonomous,0.30438267298954896,0.39728360721567796,0.379217083574535,1.213375503382393,0,-1,moderate,0
SYN_0172,gradual_drifter,0.680045966480698,1.0,1.0,1.2865180605479174,3,14,critical,1
SYN_0173,autonomous,0.31127253602174315,0.486773541605798,0.3313229959986797,1.2151682577635965,0,-1,moderate,0
SYN_0174,threshold_drifter,0.5349197548083715,1.0,1.0,1.2334639259675804,5,36,critical,1
SYN_0175,autonomous,0.3070896115779872,0.4175812147184085,0.40023524377042086,1.212171821680911,0,-1,moderate,0
SYN_0176,autonomous,0.31409122850693955,0.4142155201402115,0.37576365190569894,1.2146460215856427,0,-1,moderate,0
SYN_0177,gradual_drifter,0.6782235374749422,1.0,1.0,1.2871815794848054,3,12,critical,1
SYN_0178,threshold_drifter,0.5310820279457826,1.0,1.0,1.2332053933358262,4,33,critical,1
SYN_0179,threshold_drifter,0.5322030358610642,1.0,1.0,1.235521086615069,1,27,critical,1
SYN_0180,gradual_drifter,0.6909037159930853,1.0,1.0,1.2878486841820542,6,12,critical,1
SYN_0181,threshold_drifter,0.5464465296334137,1.0,1.0,1.237673711010018,1,42,critical,1
SYN_0182,threshold_drifter,0.537895193452115,1.0,1.0,1.2353947837700285,2,46,critical,1
SYN_0183,gradual_drifter,0.6818057225516724,1.0,1.0,1.2906345006205102,2,10,critical,1
SYN_0184,autonomous,0.318122875930217,0.4249141552885216,0.41073938721219333,1.2150568093924827,0,-1,moderate,0
SYN_0185,threshold_drifter,0.5389777386449921,1.0,1.0,1.237233522443244,4,35,critical,1
SYN_0186,gradual_drifter,0.6882354868928379,1.0,1.0,1.2896371895348244,4,11,critical,1
SYN_0187,autonomous,0.3021959689384691,0.41692839240011276,0.3506899998946901,1.21300458196365,0,-1,moderate,0
SYN_0188,autonomous,0.3039966802633715,0.407703638058675,0.38554612426415047,1.212845718021773,0,-1,moderate,0
SYN_0189,gradual_drifter,0.6876180340227791,1.0,1.0,1.288712558010335,3,28,critical,1
SYN_0190,autonomous,0.31590517728665896,0.4305857274635634,0.3559253724693296,1.2143408724014146,0,-1,moderate,0
SYN_0191,threshold_drifter,0.5380435930228635,1.0,1.0,1.2358398954221308,3,41,critical,1
SYN_0192,autonomous,0.31176612953357336,0.46498824238667535,0.46498824238667535,1.2139736131550476,0,-1,moderate,0
SYN_0193,autonomous,0.31069368301649425,0.4316058293758214,0.3885739902601619,1.2144293159818207,0,-1,moderate,0
SYN_0194,threshold_drifter,0.5377973713836707,1.0,1.0,1.2362409440746467,1,42,critical,1
SYN_0195,autonomous,0.31062998929769087,0.42701973859623615,0.21829508459415087,1.2158593434829206,0,-1,low,0
SYN_0196,autonomous,0.3046386376483029,0.41178589987609227,0.2886940589742196,1.211841578795933,0,-1,low,0
SYN_0197,gradual_drifter,0.67827260396984,1.0,1.0,1.2890329972885226,4,23,critical,1
SYN_0198,threshold_drifter,0.5318765675575897,1.0,1.0,1.2355963047528644,4,31,critical,1
SYN_0199,autonomous,0.30801372807045185,0.4089929113556623,0.31162253571143606,1.213887670072997,1,56,moderate,0
SYN_0200,autonomous,0.2995823021249827,0.391111958190211,0.3494649672568431,1.2143793809137802,0,-1,moderate,0
SYN_0201,threshold_drifter,0.5355959732224418,1.0,1.0,1.2363825775975061,3,37,critical,1
SYN_0202,threshold_drifter,0.541575343070791,1.0,1.0,1.2368200987676237,2,44,critical,1
SYN_0203,gradual_drifter,0.679044038382473,1.0,1.0,1.2876758695392565,5,15,critical,1
SYN_0204,autonomous,0.3103345356099328,0.45351396555572776,0.33301237742803586,1.2134824776764006,0,-1,moderate,0
SYN_0205,autonomous,0.3099442401444367,0.42439687934850406,0.3403877539854716,1.2144145107437436,0,-1,moderate,0
SYN_0206,autonomous,0.3029472089769776,0.4192156006018092,0.3352579522808141,1.2140511588929876,0,-1,moderate,0
SYN_0207,autonomous,0.29893362512351174,0.3890859207256705,0.2816016241631969,1.2140285345327948,0,-1,low,0
SYN_0208,gradual_drifter,0.6820946165476741,1.0,1.0,1.2858845412962085,6,17,critical,1
SYN_0209,autonomous,0.3127458803909622,0.43903200789701885,0.4043066632467753,1.2153380489942982,0,-1,moderate,0
SYN_0210,gradual_drifter,0.6748330311469405,1.0,1.0,1.285322664628615,2,37,critical,1
SYN_0211,gradual_drifter,0.6796447472658936,1.0,1.0,1.2893575823518082,1,38,critical,1
SYN_0212,gradual_drifter,0.6838542124647847,1.0,1.0,1.2901217900514945,3,20,critical,1
SYN_0213,autonomous,0.30813867939478373,0.43744287252217207,0.2982210647520721,1.2134633274080684,0,-1,low,0
SYN_0214,threshold_drifter,0.5384593505935887,1.0,1.0,1.2363939387359457,3,32,critical,1
SYN_0215,gradual_drifter,0.6680106431458983,1.0,1.0,1.287598903430857,1,11,critical,1
SYN_0216,gradual_drifter,0.6828661268088517,1.0,1.0,1.2876724872080776,2,29,critical,1
SYN_0217,autonomous,0.3060659685665755,0.4110739701516088,0.33789483858460817,1.2151893633815007,0,-1,moderate,0
SYN_0218,autonomous,0.3009249522299582,0.4043648569614334,0.32648409389958105,1.214898671433213,0,-1,moderate,0
SYN_0219,threshold_drifter,0.5275912926475029,1.0,1.0,1.2348537115587477,5,31,critical,1
SYN_0220,autonomous,0.30290040125900825,0.4204084734559935,0.4202739223072664,1.2148308740582472,0,-1,moderate,0
SYN_0221,autonomous,0.3044133160568837,0.4431725941686295,0.252965644819185,1.2134049112492995,0,-1,low,0
SYN_0222,gradual_drifter,0.6843179897599837,1.0,1.0,1.288731895424726,1,49,critical,1
SYN_0223,gradual_drifter,0.6788461411196975,1.0,1.0,1.2853556439636162,2,33,critical,1
SYN_0224,threshold_drifter,0.53599565193787,1.0,1.0,1.2366144152701635,2,38,critical,1
SYN_0225,autonomous,0.3022627827118705,0.40284067060908785,0.36049767808197447,1.213103429019977,0,-1,moderate,0
SYN_0226,threshold_drifter,0.5346157355323772,1.0,1.0,1.2366186293449366,3,39,critical,1
SYN_0227,autonomous,0.3108854226389083,0.42051447062379343,0.37457671322324404,1.213378752847535,0,-1,moderate,0
SYN_0228,gradual_drifter,0.6870771440607872,1.0,1.0,1.2907781732141728,3,18,critical,1
SYN_0229,gradual_drifter,0.684660830598705,1.0,1.0,1.2864567813457595,2,10,critical,1
SYN_0230,autonomous,0.3093848539758832,0.4520364097796178,0.4128190581082283,1.2142298286714956,0,-1,moderate,0
SYN_0231,autonomous,0.3049477438707489,0.4333661720307284,0.30193966468308986,1.2157517860794613,0,-1,moderate,0
SYN_0232,gradual_drifter,0.6724719375733468,1.0,1.0,1.2891775565545758,5,21,critical,1
SYN_0233,threshold_drifter,0.5308420451229922,1.0,1.0,1.233882177604584,1,36,critical,1
SYN_0234,gradual_drifter,0.6822784833876209,1.0,1.0,1.288524361999129,3,12,critical,1
SYN_0235,threshold_drifter,0.5297830770643769,1.0,1.0,1.2337285783547662,4,41,critical,1
SYN_0236,threshold_drifter,0.5393611732395656,1.0,1.0,1.2353621349745112,2,46,critical,1
SYN_0237,gradual_drifter,0.6868050815049256,1.0,1.0,1.2856730251173194,2,29,critical,1
SYN_0238,threshold_drifter,0.5352862985324235,1.0,1.0,1.23389441207006,6,35,critical,1
SYN_0239,autonomous,0.3034752961483222,0.4415078136789012,0.3119096917955511,1.2126974610325927,0,-1,moderate,0
SYN_0240,autonomous,0.2997196866121849,0.37059511804250983,0.3653083364429354,1.2164392101470625,0,-1,moderate,0
SYN_0241,threshold_drifter,0.5345431691495527,1.0,1.0,1.2340241798419163,6,36,critical,1
SYN_0242,threshold_drifter,0.5403733685497077,1.0,1.0,1.2329071224668373,2,42,critical,1
SYN_0243,autonomous,0.3021808967099699,0.40750628645790554,0.40750628645790554,1.21279097599728,0,-1,moderate,0
SYN_0244,gradual_drifter,0.6820456615546523,1.0,1.0,1.28835306113227,1,12,critical,1
SYN_0245,gradual_drifter,0.6746869092314931,1.0,1.0,1.2879081874108202,2,29,critical,1
SYN_0246,threshold_drifter,0.531175143179351,1.0,1.0,1.236185651138625,3,40,critical,1
SYN_0247,gradual_drifter,0.6800880285986945,1.0,1.0,1.2884274111153065,3,26,critical,1
SYN_0248,gradual_drifter,0.6800129616642633,1.0,1.0,1.2886486337942904,1,9,critical,1
SYN_0249,autonomous,0.3147690422529499,0.4135483570984026,0.30343715218397643,1.2157763759320874,0,-1,moderate,0
SYN_0250,gradual_drifter,0.6685670011169703,1.0,1.0,1.2893138465423937,3,27,critical,1
SYN_0251,gradual_drifter,0.678619071474961,1.0,1.0,1.2855156162396342,3,12,critical,1
SYN_0252,threshold_drifter,0.5351801720464981,1.0,1.0,1.2345165904111075,5,29,critical,1
SYN_0253,gradual_drifter,0.6870125431603675,1.0,1.0,1.2903402918106874,3,13,critical,1
SYN_0254,autonomous,0.29448158594938667,0.399880047711687,0.3004368993741347,1.2145253489942822,0,-1,moderate,0
SYN_0255,autonomous,0.32155668347843086,0.46594317439381033,0.3861682425429536,1.2159135805893646,0,-1,moderate,0
SYN_0256,gradual_drifter,0.68299991648213,1.0,1.0,1.290010344972089,5,8,critical,1
SYN_0257,threshold_drifter,0.5391913247764856,1.0,1.0,1.2376099893796526,3,42,critical,1
SYN_0258,autonomous,0.3051370464777031,0.40879783878170806,0.26383466399825106,1.2134682267381047,0,-1,low,0
SYN_0259,autonomous,0.3055611577602816,0.42262004475355913,0.3239673529253091,1.2133003810433574,0,-1,moderate,0
SYN_0260,gradual_drifter,0.6810372373283893,1.0,1.0,1.2866994105465444,4,22,critical,1
SYN_0261,autonomous,0.3075407617312552,0.40506876629759897,0.3669647668613623,1.2136141301941334,0,-1,moderate,0
SYN_0262,threshold_drifter,0.53051796971289,1.0,1.0,1.2373945594012925,2,41,critical,1
SYN_0263,autonomous,0.30760582067735276,0.41920940721626154,0.41920940721626154,1.2137473144008533,0,-1,moderate,0
SYN_0264,autonomous,0.3092289464340101,0.4391529537873612,0.3401034128508388,1.212946636094905,0,-1,moderate,0
SYN_0265,threshold_drifter,0.5384066691936599,1.0,1.0,1.2345305788033796,3,44,critical,1
SYN_0266,autonomous,0.3120454897125751,0.47407847615074233,0.35706094570588653,1.2137824483558255,0,-1,moderate,0
SYN_0267,autonomous,0.3118236384713577,0.46427463626054666,0.3576268357400234,1.2155472667068294,0,-1,moderate,0
SYN_0268,autonomous,0.31663280810282607,0.41926498734521916,0.3657768678742459,1.213738978399737,0,-1,moderate,0
SYN_0269,autonomous,0.3025759132862281,0.427325341772821,0.4011518378733978,1.2143201069098946,0,-1,moderate,0
SYN_0270,autonomous,0.30358065362707615,0.4343118639242861,0.40655242932199204,1.212812935008715,0,-1,moderate,0
SYN_0271,autonomous,0.3105251308142011,0.4011576652526405,0.33126437378237694,1.214094385815089,0,-1,moderate,0
SYN_0272,autonomous,0.3109431363700456,0.4304345761387503,0.3183259824518382,1.212945525228904,0,-1,moderate,0
SYN_0273,autonomous,0.2965371278652681,0.38993045359216766,0.23950184958077544,1.2142337362297713,0,-1,low,0
SYN_0274,gradual_drifter,0.6779805334941791,1.0,1.0,1.2918481081905773,3,6,critical,1
SYN_0275,gradual_drifter,0.6868259265066069,1.0,1.0,1.288879102305437,6,12,critical,1
SYN_0276,autonomous,0.31145763424223133,0.43084656362753293,0.3383358864604735,1.2141587471929478,0,-1,moderate,0
SYN_0277,autonomous,0.3013830460628035,0.4117813085262802,0.24421485070634236,1.2121301821278891,0,-1,low,0
SYN_0278,gradual_drifter,0.6786271897005337,1.0,1.0,1.2879964864018956,3,26,critical,1
SYN_0279,threshold_drifter,0.5387587508873667,1.0,1.0,1.2364816417749338,2,39,critical,1
SYN_0280,threshold_drifter,0.5295897884976749,1.0,1.0,1.2328913369466388,4,31,critical,1
SYN_0281,autonomous,0.3020212303151471,0.47051521725351547,0.329422434963074,1.2140594430128173,0,-1,moderate,0
SYN_0282,autonomous,0.29725357062538077,0.41921444148685266,0.330117149892278,1.2144624926484415,0,-1,moderate,0
SYN_0283,autonomous,0.30317857100534495,0.4425784051134558,0.4425784051134558,1.2142914571089034,0,-1,moderate,0
SYN_0284,autonomous,0.3023560069882606,0.41719424905754,0.3269993427121791,1.2145149196607294,0,-1,moderate,0
SYN_0285,gradual_drifter,0.6783117112298643,1.0,1.0,1.2867995455279606,6,20,critical,1
SYN_0286,gradual_drifter,0.6909634174146705,1.0,1.0,1.2886320199772774,2,36,critical,1
SYN_0287,autonomous,0.30639720711151264,0.4085609621547752,0.3933005390316088,1.2146043786474203,0,-1,moderate,0
SYN_0288,autonomous,0.323794210082008,0.4252504462978438,0.34492239177044504,1.2143158397251268,0,-1,moderate,0
SYN_0289,gradual_drifter,0.6838049620573322,1.0,1.0,1.2915924276812623,4,12,critical,1
SYN_0290,autonomous,0.30845694071529617,0.44220790314022024,0.3233711037054444,1.2116678534350827,0,-1,moderate,0
SYN_0291,threshold_drifter,0.528177650366158,1.0,1.0,1.2351231591632845,2,45,critical,1
SYN_0292,autonomous,0.31562792103077836,0.4595569169960721,0.38955158622120906,1.2130308066825077,0,-1,moderate,0
SYN_0293,threshold_drifter,0.5319156073815666,1.0,1.0,1.2360809786264704,3,37,critical,1
SYN_0294,autonomous,0.2990957141687916,0.37627642652942034,0.3702941041276375,1.2148431608924404,0,-1,moderate,0
SYN_0295,threshold_drifter,0.535289723350789,1.0,1.0,1.2374810976581203,3,35,critical,1
SYN_0296,threshold_drifter,0.5340873770429121,1.0,1.0,1.234888877675814,4,34,critical,1
SYN_0297,threshold_drifter,0.538912782641962,1.0,1.0,1.2366955494137335,5,37,critical,1
SYN_0298,threshold_drifter,0.5327605614866121,1.0,1.0,1.2364171093263372,3,43,critical,1
SYN_0299,threshold_drifter,0.5310273968352821,1.0,1.0,1.2364994925251018,1,48,critical,1
SYN_0300,gradual_drifter,0.6781432401039199,1.0,1.0,1.2894048069395625,3,26,critical,1
SYN_0301,threshold_drifter,0.5313834094718075,1.0,1.0,1.2326377212254762,3,43,critical,1
SYN_0302,autonomous,0.3058550062532639,0.436001017104008,0.32531025553859827,1.2128983675099851,0,-1,moderate,0
SYN_0303,gradual_drifter,0.6798446711235933,1.0,1.0,1.2890814705196472,4,25,critical,1
SYN_0304,gradual_drifter,0.6746195090801117,1.0,1.0,1.2869145675789853,2,18,critical,1
SYN_0305,threshold_drifter,0.5378079730871792,1.0,1.0,1.2381806596082754,3,43,critical,1
SYN_0306,gradual_drifter,0.6816472996102177,1.0,1.0,1.2907595737118307,3,33,critical,1
SYN_0307,autonomous,0.3058475381986365,0.40385276341896537,0.3952375041141055,1.2150902480438115,0,-1,moderate,0
SYN_0308,gradual_drifter,0.6801498381110667,1.0,1.0,1.2877356115142113,4,7,critical,1
SYN_0309,autonomous,0.3120167027766045,0.4881506053429411,0.44843061817391255,1.2135671923044797,1,59,moderate,0
SYN_0310,autonomous,0.3144718540769128,0.43280803046889554,0.43280803046889554,1.2157997137600467,0,-1,moderate,0
SYN_0311,gradual_drifter,0.6830536628810461,1.0,1.0,1.2910623530894936,2,37,critical,1
SYN_0312,gradual_drifter,0.6833983212405061,1.0,1.0,1.2901177229347554,0,-1,critical,1
SYN_0313,autonomous,0.3041160103585223,0.3991994744691921,0.3805478570146159,1.2133033753811557,0,-1,moderate,0
SYN_0314,autonomous,0.29885101966852134,0.39095156062215125,0.26916005037277807,1.216340835699881,0,-1,low,0
SYN_0315,autonomous,0.29753538545091823,0.41495017378035043,0.3754877833734672,1.2153492437774311,0,-1,moderate,0
SYN_0316,autonomous,0.30957292749512955,0.40321375475448584,0.2589423073731677,1.2158407595415066,0,-1,low,0
SYN_0317,autonomous,0.30155799020529833,0.41486818342313597,0.31198573295599125,1.2166314614637486,0,-1,moderate,0
SYN_0318,gradual_drifter,0.6790311797668316,1.0,1.0,1.288904049001198,6,23,critical,1
SYN_0319,autonomous,0.3052372098842669,0.46415196958474714,0.37227419818676116,1.2128938824086812,0,-1,moderate,0
SYN_0320,threshold_drifter,0.5303659301007001,1.0,1.0,1.2375649548621255,1,52,critical,1
SYN_0321,threshold_drifter,0.5331025198446153,1.0,1.0,1.2351229766891987,3,41,critical,1
SYN_0322,gradual_drifter,0.6803015464781587,1.0,1.0,1.2884110295059559,7,10,critical,1
SYN_0323,autonomous,0.306756958321557,0.4150225322310733,0.3910100413919379,1.2126403249758226,0,-1,moderate,0
SYN_0324,gradual_drifter,0.6816989757519327,1.0,1.0,1.288326320359505,4,14,critical,1
SYN_0325,threshold_drifter,0.5366964828511899,1.0,1.0,1.2358368688993644,7,31,critical,1
SYN_0326,gradual_drifter,0.6781194281126859,1.0,1.0,1.2887641520957087,3,22,critical,1
SYN_0327,threshold_drifter,0.5235534155275093,1.0,1.0,1.2377104172800364,5,36,critical,1
SYN_0328,gradual_drifter,0.6831693977429263,1.0,1.0,1.2918386949415874,3,23,critical,1
SYN_0329,gradual_drifter,0.6732763500998998,1.0,1.0,1.2884643990455664,5,26,critical,1
SYN_0330,autonomous,0.30977874532384525,0.42645841852789934,0.36540604549827116,1.2132648626901592,0,-1,moderate,0
SYN_0331,gradual_drifter,0.6884414623811843,1.0,1.0,1.2890820548455475,1,23,critical,1
SYN_0332,autonomous,0.29776938919094115,0.42839314819851476,0.42839314819851476,1.213269396878217,1,59,moderate,0
SYN_0333,gradual_drifter,0.6783704072770437,1.0,1.0,1.287729144630652,1,25,critical,1
SYN_0334,threshold_drifter,0.5377807722940304,1.0,1.0,1.2389307841931918,5,33,critical,1
SYN_0335,autonomous,0.30429466884020495,0.4238964011297152,0.39613731971747435,1.213949826265252,0,-1,moderate,0
SYN_0336,gradual_drifter,0.684528038356813,1.0,1.0,1.2904957312761383,2,25,critical,1
SYN_0337,autonomous,0.3166230078006998,0.41323158184237013,0.3641281663027143,1.2142744825815244,0,-1,moderate,0
SYN_0338,gradual_drifter,0.6735851579411579,1.0,1.0,1.2864356629051914,2,43,critical,1
SYN_0339,autonomous,0.31177457254451074,0.4067646454434171,0.3785335964698617,1.2153487595476675,0,-1,moderate,0
SYN_0340,threshold_drifter,0.5308111430500805,1.0,1.0,1.2351144997116317,4,38,critical,1
SYN_0341,autonomous,0.31212316441885946,0.4321019242267412,0.3455873515147341,1.2136107941509797,0,-1,moderate,0
SYN_0342,threshold_drifter,0.5376389978394052,1.0,1.0,1.235044800497867,7,30,critical,1
SYN_0343,threshold_drifter,0.5332564643695853,1.0,1.0,1.2347802690759486,4,30,critical,1
SYN_0344,gradual_drifter,0.6907202169157477,1.0,1.0,1.290605832256664,0,-1,critical,1
SYN_0345,threshold_drifter,0.5374136856223671,1.0,1.0,1.237508266441997,2,49,critical,1
SYN_0346,threshold_drifter,0.5360475214917104,1.0,1.0,1.237233819961831,2,43,critical,1
SYN_0347,threshold_drifter,0.5362037236833739,1.0,1.0,1.2327550635968323,4,11,critical,1
SYN_0348,autonomous,0.3116180842592452,0.4323292827626001,0.35019300637058565,1.2145668048996803,0,-1,moderate,0
SYN_0349,gradual_drifter,0.6827389392891505,1.0,1.0,1.2906141887796991,3,30,critical,1
SYN_0350,autonomous,0.301008475830317,0.4048194418816854,0.3730819899151179,1.215727976136722,0,-1,moderate,0
SYN_0351,gradual_drifter,0.675505696031781,1.0,1.0,1.2876315008409818,4,14,critical,1
SYN_0352,autonomous,0.3125027864827977,0.44728009865900953,0.267479425617047,1.2147450318711193,0,-1,low,0
SYN_0353,gradual_drifter,0.6812006399634303,1.0,1.0,1.285606268928313,3,10,critical,1
SYN_0354,gradual_drifter,0.6800033796728945,1.0,1.0,1.289154792968915,2,19,critical,1
SYN_0355,gradual_drifter,0.6793583561357163,1.0,1.0,1.2875297608551641,5,12,critical,1
SYN_0356,gradual_drifter,0.6817563842037534,1.0,1.0,1.2895419103758947,4,20,critical,1
SYN_0357,threshold_drifter,0.5324248471282131,1.0,1.0,1.2350521252207247,2,33,critical,1
SYN_0358,threshold_drifter,0.5395288081127304,1.0,1.0,1.2373707694323586,3,25,critical,1
SYN_0359,gradual_drifter,0.6822596702961646,1.0,1.0,1.283741572530287,2,27,critical,1
SYN_0360,gradual_drifter,0.6873133394718124,1.0,1.0,1.2893245600592846,1,48,critical,1
SYN_0361,threshold_drifter,0.540715629610832,1.0,1.0,1.2337498135650866,4,37,critical,1
SYN_0362,autonomous,0.3080397394365727,0.41689905105221703,0.34031593405285254,1.2121636875079682,0,-1,moderate,0
SYN_0363,autonomous,0.304264645327564,0.4076113026894721,0.34956408279971596,1.2138720664075644,0,-1,moderate,0
SYN_0364,autonomous,0.3062387521622996,0.3970002833842927,0.3863961177716187,1.214794575895347,0,-1,moderate,0
SYN_0365,gradual_drifter,0.6779132919816427,1.0,1.0,1.2880180738312161,4,14,critical,1
SYN_0366,gradual_drifter,0.6807840508509936,1.0,1.0,1.287854425333449,2,9,critical,1
SYN_0367,threshold_drifter,0.534543829478353,1.0,1.0,1.2357133538804381,4,36,critical,1
SYN_0368,gradual_drifter,0.6824166027617063,1.0,1.0,1.290426634739211,1,48,critical,1
SYN_0369,autonomous,0.3047604360646251,0.4416230426506178,0.36391036057524395,1.212178832200009,0,-1,moderate,0
SYN_0370,threshold_drifter,0.5360099237876148,1.0,1.0,1.2364667905516542,4,40,critical,1
SYN_0371,threshold_drifter,0.539631875066936,1.0,1.0,1.2361549430135799,2,49,critical,1
SYN_0372,autonomous,0.30259223992702405,0.4240136816964561,0.4240136816964561,1.2132339366590135,0,-1,moderate,0
SYN_0373,autonomous,0.2958509604784351,0.4350438494086553,0.3674357381397001,1.2141901511489062,0,-1,moderate,0
SYN_0374,autonomous,0.3080839957677451,0.4334207954925269,0.3740115821744992,1.2154167910861353,0,-1,moderate,0
SYN_0375,autonomous,0.306500612126416,0.41293627759700674,0.3453129831549591,1.214170925495998,0,-1,moderate,0
SYN_0376,autonomous,0.3128995568045028,0.43661029388670886,0.359749162978109,1.213969335145067,0,-1,moderate,0
SYN_0377,threshold_drifter,0.5439236476877098,1.0,1.0,1.2352326723874198,6,35,critical,1
SYN_0378,gradual_drifter,0.6817493823448829,1.0,1.0,1.288724635351559,1,36,critical,1
SYN_0379,autonomous,0.31197188551221294,0.4544973461877094,0.39104599970875736,1.2146975478157676,0,-1,moderate,0
SYN_0380,gradual_drifter,0.67906841961498,1.0,1.0,1.29231661599739,3,10,critical,1
SYN_0381,gradual_drifter,0.6794011005717253,1.0,1.0,1.291833594176257,2,24,critical,1
SYN_0382,threshold_drifter,0.5393292618679582,1.0,1.0,1.2339174313497445,3,41,critical,1
SYN_0383,threshold_drifter,0.5458060454976815,1.0,1.0,1.2363239097053986,3,33,critical,1
SYN_0384,gradual_drifter,0.6819762727578973,1.0,1.0,1.286668980170415,1,37,critical,1
SYN_0385,autonomous,0.30270341475086887,0.4277868478032099,0.30924955902170176,1.2130649971435423,0,-1,moderate,0
SYN_0386,threshold_drifter,0.5292448405419382,1.0,1.0,1.2356807875593394,2,36,critical,1
SYN_0387,gradual_drifter,0.691955900297838,1.0,1.0,1.2872021572586962,5,8,critical,1
SYN_0388,threshold_drifter,0.5411436774075169,1.0,1.0,1.23675140625972,4,36,critical,1
SYN_0389,autonomous,0.31314836049051464,0.4275880023921934,0.38494324925743667,1.2145683354628147,0,-1,moderate,0
SYN_0390,threshold_drifter,0.5327444783546081,1.0,1.0,1.2356189454077353,3,38,critical,1
SYN_0391,gradual_drifter,0.6818850620919288,1.0,1.0,1.2906899344540759,4,20,critical,1
SYN_0392,autonomous,0.29429684197009465,0.39439158881779296,0.3756210478463076,1.2141629186824987,0,-1,moderate,0
SYN_0393,gradual_drifter,0.6755721808219964,1.0,1.0,1.289015743082494,3,9,critical,1
SYN_0394,gradual_drifter,0.6790480019945704,1.0,1.0,1.2876124865396035,5,13,critical,1
SYN_0395,autonomous,0.2987260364853171,0.39319212550475463,0.297397529342653,1.2129556104726582,0,-1,low,0
SYN_0396,gradual_drifter,0.6799857542959802,1.0,1.0,1.288273490640624,4,16,critical,1
SYN_0397,threshold_drifter,0.5313321063967902,1.0,1.0,1.2352461981085396,1,49,critical,1
SYN_0398,autonomous,0.3066210826234082,0.45982443468746387,0.4035582637809042,1.2143229284203572,1,56,moderate,0
SYN_0399,gradual_drifter,0.6843426226176494,1.0,1.0,1.2900326549298764,5,24,critical,1
SYN_0400,gradual_drifter,0.6822500032590697,1.0,1.0,1.2857054322871038,3,20,critical,1
SYN_0401,autonomous,0.3075187159363615,0.3975199632000935,0.3968203550663146,1.2151457503764367,0,-1,moderate,0
SYN_0402,threshold_drifter,0.5363204162246028,1.0,1.0,1.2348796404209492,3,45,critical,1
SYN_0403,threshold_drifter,0.5296601554927887,1.0,1.0,1.2342756174309055,2,30,critical,1
SYN_0404,autonomous,0.3108526352235919,0.45590435568172905,0.3864143863779689,1.2138917619191503,0,-1,moderate,0
SYN_0405,threshold_drifter,0.5387979097079852,1.0,1.0,1.2357220708736663,4,27,critical,1
SYN_0406,threshold_drifter,0.5296511724223972,1.0,1.0,1.2390721623378136,2,44,critical,1
SYN_0407,autonomous,0.29821380660200236,0.39706316983359846,0.2678916740398783,1.2145388234755627,0,-1,low,0
SYN_0408,threshold_drifter,0.5388959874301169,1.0,1.0,1.2339412688733695,3,33,critical,1
SYN_0409,autonomous,0.30227355123592364,0.4240454489156144,0.3819334643102652,1.2132685797615694,0,-1,moderate,0
SYN_0410,threshold_drifter,0.538449335295672,1.0,1.0,1.2359401235778027,4,41,critical,1
SYN_0411,gradual_drifter,0.6816626483536812,1.0,1.0,1.2887719547476792,3,11,critical,1
SYN_0412,gradual_drifter,0.6887271523395467,1.0,1.0,1.2864625899625992,1,10,critical,1
SYN_0413,autonomous,0.31467358311140864,0.4145947534379775,0.35425959530280104,1.2128615589317406,0,-1,moderate,0
SYN_0414,threshold_drifter,0.5394387328416124,1.0,1.0,1.23571331732138,2,41,critical,1
SYN_0415,autonomous,0.3087669474026738,0.4121022212478225,0.3645604843509721,1.2146767534190956,0,-1,moderate,0
SYN_0416,autonomous,0.3042640350657934,0.4223935782387359,0.41092817448638297,1.2149542938879183,0,-1,moderate,0
SYN_0417,autonomous,0.30319080481913396,0.4517985808171338,0.2996628493212064,1.2131464106276264,0,-1,low,0
SYN_0418,threshold_drifter,0.53682511962627,1.0,1.0,1.2327483862226165,7,32,critical,1
SYN_0419,autonomous,0.3049036273897455,0.4000754249303928,0.33887350332932553,1.2134189734467962,0,-1,moderate,0
SYN_0420,threshold_drifter,0.5429770195601911,1.0,1.0,1.2358369343652131,4,32,critical,1
SYN_0421,gradual_drifter,0.680779537186159,1.0,1.0,1.2881851098624004,1,33,critical,1
SYN_0422,autonomous,0.3082256473636774,0.40919124274037,0.27911832662039354,1.213947227905538,0,-1,low,0
SYN_0423,autonomous,0.309207278023526,0.4394274043737275,0.3731268116542848,1.215317223821338,0,-1,moderate,0
SYN_0424,autonomous,0.30400165185437195,0.43632529382596785,0.2774241378760742,1.2140383774951764,0,-1,low,0
SYN_0425,gradual_drifter,0.6815651686282397,1.0,1.0,1.29181661392187,2,39,critical,1
SYN_0426,threshold_drifter,0.5283161111532134,1.0,1.0,1.2334201587679545,1,48,critical,1
SYN_0427,autonomous,0.30753501118936516,0.4656587610380982,0.37463929453186806,1.2149792761787697,0,-1,moderate,0
SYN_0428,threshold_drifter,0.5308682444211213,1.0,1.0,1.2354117487104397,4,30,critical,1
SYN_0429,autonomous,0.3097402573339914,0.45241366312077796,0.3788328715303884,1.213429447080051,0,-1,moderate,0
SYN_0430,threshold_drifter,0.5391003773179686,1.0,1.0,1.2364029410675914,6,24,critical,1
SYN_0431,threshold_drifter,0.5392054328811036,1.0,1.0,1.2367241958383748,3,44,critical,1
SYN_0432,threshold_drifter,0.5315188647470982,1.0,1.0,1.236437286248918,4,37,critical,1
SYN_0433,gradual_drifter,0.6797818264892984,1.0,1.0,1.2867243501925474,3,24,critical,1
SYN_0434,threshold_drifter,0.5389194391406199,1.0,1.0,1.2387615447126348,4,37,critical,1
SYN_0435,autonomous,0.3164863883657104,0.4277328328863207,0.3824236350795523,1.21372870162202,0,-1,moderate,0
SYN_0436,autonomous,0.3104861988356828,0.41332769955331994,0.41332769955331994,1.2126227731909722,0,-1,moderate,0
SYN_0437,autonomous,0.31264885948839927,0.4559055851405319,0.39269314707662817,1.2147859110729267,0,-1,moderate,0
SYN_0438,gradual_drifter,0.6761290717108923,1.0,1.0,1.2891680712877087,3,16,critical,1
SYN_0439,gradual_drifter,0.6873945941149725,1.0,1.0,1.2889376868838869,5,27,critical,1
SYN_0440,gradual_drifter,0.6765328443015349,1.0,1.0,1.2904114321362423,4,8,critical,1
SYN_0441,threshold_drifter,0.5350619039845725,1.0,1.0,1.236075945452806,3,36,critical,1
SYN_0442,autonomous,0.302759412576026,0.4302564374895284,0.3846622501814328,1.2154759182902906,0,-1,moderate,0
SYN_0443,gradual_drifter,0.6784823178813688,1.0,1.0,1.2906744171599944,3,22,critical,1
SYN_0444,autonomous,0.3106305548190388,0.4431740896429498,0.3316751193135833,1.2144628692881414,0,-1,moderate,0
SYN_0445,autonomous,0.3090102441470092,0.44001000285517894,0.3175519504562675,1.2145587147456645,0,-1,moderate,0
SYN_0446,gradual_drifter,0.6821348510508242,1.0,1.0,1.2904862239388668,2,38,critical,1
SYN_0447,threshold_drifter,0.5340303336486245,1.0,1.0,1.2346695520853017,4,33,critical,1
SYN_0448,gradual_drifter,0.6799678576001862,1.0,1.0,1.288959066332774,2,32,critical,1
SYN_0449,autonomous,0.31181685636835327,0.39630632142082783,0.31753060181911813,1.2151690989607173,0,-1,moderate,0
SYN_0450,gradual_drifter,0.6866103526214867,1.0,1.0,1.2896045673036844,2,17,critical,1
SYN_0451,autonomous,0.3155116419209424,0.4220878538282456,0.39332593893834344,1.21611465769523,0,-1,moderate,0
SYN_0452,threshold_drifter,0.5339206382930618,1.0,1.0,1.235797502839526,0,-1,critical,1
SYN_0453,gradual_drifter,0.6774555174396094,1.0,1.0,1.2889592950628255,1,35,critical,1
SYN_0454,autonomous,0.3105747476906161,0.4382120836292111,0.42188575944156137,1.2139701257184907,0,-1,moderate,0
SYN_0455,autonomous,0.29881207565112056,0.40895990705492025,0.38041081805460636,1.2160458896546624,0,-1,moderate,0
SYN_0456,autonomous,0.3029998899503315,0.4185034001575549,0.35639271760512675,1.2140121343059387,0,-1,moderate,0
SYN_0457,threshold_drifter,0.5425076372404398,1.0,1.0,1.23588733027819,4,26,critical,1
SYN_0458,gradual_drifter,0.6761581042695048,1.0,1.0,1.2909350183206574,1,45,critical,1
SYN_0459,threshold_drifter,0.5400202954431189,1.0,1.0,1.236698251859476,4,30,critical,1
SYN_0460,gradual_drifter,0.6829503114928964,1.0,1.0,1.2890631237872987,4,19,critical,1
SYN_0461,gradual_drifter,0.679523514754009,1.0,1.0,1.290158510142864,2,21,critical,1
SYN_0462,autonomous,0.3030420956131838,0.41310707789449114,0.3192550420325698,1.2133771029504241,0,-1,moderate,0
SYN_0463,threshold_drifter,0.536473140135966,1.0,1.0,1.2342489873557905,3,35,critical,1
SYN_0464,autonomous,0.3128487006582987,0.4792353363994309,0.3261626216162321,1.214002241893833,0,-1,moderate,0
SYN_0465,gradual_drifter,0.6780861475198648,1.0,1.0,1.288973848458894,3,16,critical,1
SYN_0466,gradual_drifter,0.6851669708650294,1.0,1.0,1.2891669921257987,2,38,critical,1
SYN_0467,gradual_drifter,0.6768772556873974,1.0,1.0,1.288207813423604,3,23,critical,1
SYN_0468,threshold_drifter,0.5358721499943472,1.0,1.0,1.2376721246871825,4,41,critical,1
SYN_0469,autonomous,0.29356846175897655,0.410033125033351,0.4094240121343969,1.2137128460643474,0,-1,moderate,0
SYN_0470,gradual_drifter,0.6784407856687461,1.0,1.0,1.2886036181779772,4,19,critical,1
SYN_0471,gradual_drifter,0.6828391368936716,1.0,1.0,1.288192119947559,2,34,critical,1
SYN_0472,gradual_drifter,0.6869022911639855,1.0,1.0,1.2879559475791211,1,48,critical,1
SYN_0473,autonomous,0.30494500179943407,0.42633084957784617,0.23345146701991537,1.2140187864577128,0,-1,low,0
SYN_0474,autonomous,0.3109816634101067,0.3989903086083635,0.3989903086083635,1.2162966845302223,0,-1,moderate,0
SYN_0475,autonomous,0.31332964203688873,0.4528618579892935,0.4012823956874939,1.2134875233802387,0,-1,moderate,0
SYN_0476,autonomous,0.29882174712052356,0.40721993223564346,0.3302439707703511,1.2143659713965795,0,-1,moderate,0
SYN_0477,gradual_drifter,0.681244284527673,1.0,1.0,1.288599929277437,4,13,critical,1
SYN_0478,gradual_drifter,0.68316975653216,1.0,1.0,1.2843350637905553,0,-1,critical,1
SYN_0479,gradual_drifter,0.6837994140957836,1.0,1.0,1.2895499957457732,4,13,critical,1
SYN_0480,gradual_drifter,0.6865532451247394,1.0,1.0,1.2873239898647166,3,23,critical,1
SYN_0481,gradual_drifter,0.6804426080453181,1.0,1.0,1.2885897168000149,2,14,critical,1
SYN_0482,autonomous,0.31135384276600264,0.43364951265945223,0.38052161591198425,1.2131732427864739,0,-1,moderate,0
SYN_0483,gradual_drifter,0.6867466539736988,1.0,1.0,1.2878451664442463,2,20,critical,1
SYN_0484,autonomous,0.3050468631867985,0.4247298599501432,0.3789423413334047,1.2142786945241781,1,51,moderate,0
SYN_0485,autonomous,0.3120443505218906,0.39997694838637277,0.36885516183208283,1.2138710029574313,0,-1,moderate,0
SYN_0486,gradual_drifter,0.6781948934326607,1.0,1.0,1.28659554773878,4,13,critical,1
SYN_0487,gradual_drifter,0.6794100910996391,1.0,1.0,1.2901820452151886,5,24,critical,1
SYN_0488,autonomous,0.3116561149872566,0.4296948745102014,0.3647229609525447,1.2158861910786023,0,-1,moderate,0
SYN_0489,gradual_drifter,0.6764847924134351,1.0,1.0,1.2865005751913894,2,11,critical,1
SYN_0490,gradual_drifter,0.67630375649291,1.0,1.0,1.2907050385431418,3,18,critical,1
SYN_0491,gradual_drifter,0.6818932809808842,1.0,1.0,1.287798629495914,1,39,critical,1
SYN_0492,gradual_drifter,0.6841384474920581,1.0,1.0,1.2875784741653264,1,36,critical,1
SYN_0493,gradual_drifter,0.678901312136166,1.0,1.0,1.291288193004412,3,24,critical,1
SYN_0494,autonomous,0.30715652917177094,0.4338433985679371,0.2626235237537832,1.214614598412708,0,-1,low,0
SYN_0495,threshold_drifter,0.5342834175361795,1.0,1.0,1.235697690915141,1,29,critical,1
SYN_0496,gradual_drifter,0.682032733028581,1.0,1.0,1.2867221622858076,4,17,critical,1
SYN_0497,gradual_drifter,0.6828280703906208,1.0,1.0,1.2895306947613014,4,7,critical,1
SYN_0498,gradual_drifter,0.6799249037953022,1.0,1.0,1.2896152955233722,2,29,critical,1
SYN_0499,autonomous,0.303523779658368,0.3956969981591215,0.38164203883979125,1.2133598278664228,0,-1,moderate,0
SYN_0500,gradual_drifter,0.6889796233810038,1.0,1.0,1.2890122728864848,2,22,critical,1
